{
    "mfcc": [
        -256.2645092010498,
        62.53743267059326,
        3.093690102919936,
        16.794085264205933,
        14.770706295967102,
        -2.1564638391137123,
        -2.293496787548065,
        -21.74208641052246,
        -15.222675085067749,
        0.017998285591602325,
        -11.261472404003143,
        1.4947284944355488,
        -0.9758184403181076
    ],
    "spectral_centroid": [
        2382.3750278069624
    ],
    "chroma_stft": [
        0.328859880566597,
        0.3416927605867386,
        0.3172988034784794,
        0.30194810777902603,
        0.2764277011156082,
        0.2843570001423359,
        0.32034068927168846,
        0.34740687534213066,
        0.3708437345921993,
        0.4172845222055912,
        0.401601143181324,
        0.37665651366114616
    ],
    "spectral_bandwidth": [
        2250.597520875758
    ],
    "rms": [
        0.08649020735174417
    ],
    "zero_crossing_rate": [
        0.1284739183183545
    ]
}