{
    "1.wav": {
        "mfcc": [
            -252.71173095703125,
            63.683563232421875,
            1.700432538986206,
            16.565479278564453,
            14.633970260620117,
            -2.2633323669433594,
            -4.214513301849365,
            -23.427637100219727,
            -16.505653381347656,
            -1.046452283859253,
            -13.168865203857422,
            2.0545172691345215,
            -1.3074209690093994
        ],
        "spectral_centroid": [
            2407.9385615546535
        ],
        "chroma_stft": [
            0.3364492654800415,
            0.344210684299469,
            0.32454913854599,
            0.3026145100593567,
            0.27603578567504883,
            0.28290578722953796,
            0.3113590478897095,
            0.33870071172714233,
            0.3668571412563324,
            0.41411563754081726,
            0.400182843208313,
            0.38022324442863464
        ],
        "spectral_bandwidth": [
            2264.4885102452245
        ],
        "rms": [
            0.08836965262889862
        ],
        "zero_crossing_rate": [
            0.13150710282889586
        ]
    },
    "2.wav": {
        "mfcc": [
            -255.43821716308594,
            65.0760269165039,
            0.796661376953125,
            17.259824752807617,
            15.5840482711792,
            -1.558729887008667,
            -2.5826354026794434,
            -23.712852478027344,
            -18.416757583618164,
            0.2243897020816803,
            -11.954046249389648,
            1.0628970861434937,
            1.0597800016403198
        ],
        "spectral_centroid": [
            2293.1801355362873
        ],
        "chroma_stft": [
            0.32605403661727905,
            0.328665554523468,
            0.3150297701358795,
            0.2895117402076721,
            0.2603704333305359,
            0.271770179271698,
            0.3154909014701843,
            0.34276729822158813,
            0.36770933866500854,
            0.417297899723053,
            0.393721342086792,
            0.3775782883167267
        ],
        "spectral_bandwidth": [
            2198.6544728040694
        ],
        "rms": [
            0.08661282062530518
        ],
        "zero_crossing_rate": [
            0.12219799361481266
        ]
    },
    "3.wav": {
        "mfcc": [
            -233.2099609375,
            67.2010498046875,
            3.089627504348755,
            18.45807456970215,
            17.508623123168945,
            -3.096351146697998,
            -2.779688596725464,
            -23.61773109436035,
            -13.347831726074219,
            -0.5285550951957703,
            -15.381214141845703,
            3.6607470512390137,
            -0.3986167311668396
        ],
        "spectral_centroid": [
            2414.4227562769233
        ],
        "chroma_stft": [
            0.3374333083629608,
            0.3420092761516571,
            0.3098528981208801,
            0.29838332533836365,
            0.28017106652259827,
            0.2833602726459503,
            0.3191893994808197,
            0.348999947309494,
            0.38210710883140564,
            0.4485071003437042,
            0.4367213547229767,
            0.39265957474708557
        ],
        "spectral_bandwidth": [
            2338.677617427113
        ],
        "rms": [
            0.09773291647434235
        ],
        "zero_crossing_rate": [
            0.12365808468520664
        ]
    },
    "4.wav": {
        "mfcc": [
            -246.08106994628906,
            61.28413009643555,
            -0.3969380557537079,
            16.566335678100586,
            12.227158546447754,
            -4.4126787185668945,
            -3.5904648303985596,
            -21.401830673217773,
            -16.326305389404297,
            -1.2820810079574585,
            -12.253453254699707,
            0.33243146538734436,
            -2.6326730251312256
        ],
        "spectral_centroid": [
            2377.7014708501147
        ],
        "chroma_stft": [
            0.32811638712882996,
            0.33991166949272156,
            0.30876457691192627,
            0.29117560386657715,
            0.26327428221702576,
            0.26708316802978516,
            0.3073594570159912,
            0.3377375900745392,
            0.36024928092956543,
            0.4080478250980377,
            0.39368847012519836,
            0.3697912395000458
        ],
        "spectral_bandwidth": [
            2216.8557850761663
        ],
        "rms": [
            0.09261856973171234
        ],
        "zero_crossing_rate": [
            0.12701377824449595
        ]
    },
    "5.wav": {
        "mfcc": [
            -244.67335510253906,
            66.1048355102539,
            -0.1323392242193222,
            15.119256019592285,
            13.39964771270752,
            -4.710281848907471,
            -1.9857449531555176,
            -22.992382049560547,
            -16.76084327697754,
            -0.44061315059661865,
            -12.160057067871094,
            1.6357135772705078,
            -1.82174551486969
        ],
        "spectral_centroid": [
            2407.0383484726844
        ],
        "chroma_stft": [
            0.3314206004142761,
            0.34655773639678955,
            0.3191227316856384,
            0.30568763613700867,
            0.2762318253517151,
            0.277227520942688,
            0.3157581388950348,
            0.3432272672653198,
            0.3668864071369171,
            0.4235711395740509,
            0.40971237421035767,
            0.38435491919517517
        ],
        "spectral_bandwidth": [
            2298.41954835841
        ],
        "rms": [
            0.08851460367441177
        ],
        "zero_crossing_rate": [
            0.1279177303616261
        ]
    },
    "6.wav": {
        "mfcc": [
            -261.807373046875,
            59.15391540527344,
            1.7347707748413086,
            18.166236877441406,
            13.31536865234375,
            -2.8941471576690674,
            -4.3722100257873535,
            -21.185203552246094,
            -16.110279083251953,
            0.28194305300712585,
            -11.305695533752441,
            0.7556357979774475,
            -0.7394386529922485
        ],
        "spectral_centroid": [
            2386.269913285946
        ],
        "chroma_stft": [
            0.3290466070175171,
            0.3502454459667206,
            0.3189265727996826,
            0.3031879961490631,
            0.27560222148895264,
            0.2825287878513336,
            0.3099997639656067,
            0.3283425569534302,
            0.3524525463581085,
            0.3911128342151642,
            0.3844549357891083,
            0.3746267557144165
        ],
        "spectral_bandwidth": [
            2209.405074575557
        ],
        "rms": [
            0.08382178097963333
        ],
        "zero_crossing_rate": [
            0.12899228858874082
        ]
    },
    "7.wav": {
        "mfcc": [
            -286.70343017578125,
            57.07096862792969,
            12.842559814453125,
            15.466065406799316,
            15.799415588378906,
            2.321425437927246,
            3.1933841705322266,
            -18.260595321655273,
            -12.67959976196289,
            1.4748843908309937,
            -5.82243013381958,
            1.864556908607483,
            -0.5500865578651428
        ],
        "spectral_centroid": [
            2413.413003169627
        ],
        "chroma_stft": [
            0.3275558650493622,
            0.353230744600296,
            0.3293713927268982,
            0.3185173571109772,
            0.2914312481880188,
            0.3026224374771118,
            0.3390061855316162,
            0.36874839663505554,
            0.3772226572036743,
            0.4102523922920227,
            0.396283894777298,
            0.3725929856300354
        ],